{
  "project_info": {
    "project_number": "355646574114",
    "project_id": "proteccio-civil-vacarisses",
    "storage_bucket": "proteccio-civil-vacarisses.appspot.com"
  },
  "client": [
    {
      "client_info": {
        "mobilesdk_app_id": "1:355646574114:android:74d4d644de9a876125047b",
        "android_client_info": {
          "package_name": "com.vacarisses.protecciocivil"
        }
      },
      "oauth_client": [
        {
          "client_id": "355646574114-n9vnaivuf1snlt5jdqv2icojftvk8rff.apps.googleusercontent.com",
          "client_type": 3
        }
      ],
      "api_key": [
        {
          "current_key": "AIzaSyAMJKRHwKc6NvtSkQrC3MQCny8Fks-hkpg"
        }
      ],
      "services": {
        "appinvite_service": {
          "other_platform_oauth_client": [
            {
              "client_id": "355646574114-n9vnaivuf1snlt5jdqv2icojftvk8rff.apps.googleusercontent.com",
              "client_type": 3
            }
          ]
        }
      }
    }
  ],
  "configuration_version": "1"
}